,CommonName,Metabolite,acI-A1,acI-A5,acI-A6,acI-A7,acI-B1,acI-B4,acSTL-A1,acTH1-A1,Iluma-A2,Iluma-B1,Luna1-A2,Luna1-A4
0,3-Hydroxy-L-kynurenine,cpd02065_c,1.0,1.0,0.0,1.0,0.0,0.0,1.0,0.0,0.0,0.0,1.0,0.0
1,12-methyl-trans-tetra-dec-2-enoyl-ACP,cpd11514_c,1.0,1.0,1.0,1.0,0.0,1.0,0.0,1.0,0.0,0.0,1.0,0.0
2,13-methyl-trans-tetra-dec-2-enoyl-ACP,cpd11539_c,1.0,1.0,1.0,1.0,0.0,1.0,0.0,1.0,0.0,0.0,1.0,0.0
3,5-methyl-trans-hex-2-enoyl-ACP,cpd11523_c,1.0,1.0,1.0,1.0,0.0,1.0,0.0,1.0,0.0,0.0,1.0,0.0
4,Gly-Tyr,cpd15606_e,1.0,1.0,1.0,1.0,1.0,1.0,1.0,0.0,1.0,1.0,1.0,0.0
5,met-L-ala-L,cpd11590_e,1.0,1.0,1.0,1.0,1.0,1.0,1.0,0.0,1.0,1.0,1.0,0.0
6,Gly-Leu,cpd15604_e,1.0,1.0,1.0,1.0,1.0,1.0,1.0,0.0,1.0,1.0,1.0,0.0
7,Pyridoxamine_phosphate,cpd00493_c,1.0,1.0,1.0,1.0,1.0,0.0,0.0,0.0,0.0,0.0,0.0,0.0
8,gly-glu-L,cpd11592_e,1.0,1.0,1.0,1.0,1.0,1.0,1.0,0.0,1.0,1.0,1.0,0.0
9,Octanoyl-ACP,cpd11470_c,1.0,1.0,1.0,1.0,0.0,1.0,1.0,1.0,0.0,0.0,1.0,1.0
10,Stachyose,cpd01133_c,1.0,0.0,1.0,1.0,0.0,0.0,0.0,0.0,1.0,1.0,0.0,0.0
11,Hexanoyl-ACP,cpd11472_c,1.0,1.0,1.0,1.0,0.0,1.0,1.0,1.0,0.0,0.0,1.0,1.0
12,Maltose,cpd00179_e,1.0,1.0,1.0,1.0,1.0,0.0,0.0,0.0,0.0,0.0,0.0,0.0
13,Decanoyl-ACP,cpd11474_c,1.0,1.0,1.0,1.0,0.0,1.0,1.0,1.0,0.0,0.0,1.0,1.0
14,Deoxycytidine,cpd00654_c,1.0,0.0,0.0,0.0,1.0,1.0,0.0,1.0,0.0,0.0,1.0,0.0
15,Hexadecenoyl-ACP,cpd15239_c,1.0,1.0,1.0,1.0,1.0,1.0,0.0,1.0,1.0,1.0,1.0,0.0
16,Gly-Phe,cpd15605_e,1.0,1.0,1.0,1.0,1.0,1.0,1.0,0.0,1.0,1.0,1.0,0.0
17,Hg2,cpd00531_c,1.0,1.0,1.0,1.0,1.0,0.0,1.0,0.0,1.0,1.0,0.0,1.0
18,N-5-phosphoribosyl-anthranilate,cpd02642_c,1.0,1.0,1.0,1.0,1.0,0.0,0.0,0.0,0.0,0.0,1.0,0.0
19,trans-Octodec-2-enoyl-ACP,cpd11572_c,1.0,1.0,1.0,1.0,0.0,1.0,0.0,1.0,0.0,0.0,1.0,0.0
20,Citrate,cpd00137_c,1.0,0.0,0.0,0.0,0.0,0.0,0.0,0.0,0.0,1.0,0.0,0.0
21,10-methyl-trans-dodec-2-enoyl-ACP,cpd11510_c,1.0,1.0,1.0,1.0,0.0,1.0,0.0,1.0,0.0,0.0,1.0,0.0
22,Xylose,cpd00154_e,1.0,1.0,1.0,1.0,1.0,0.0,0.0,0.0,0.0,0.0,0.0,0.0
23,L-Valine,cpd00156_e,1.0,1.0,1.0,1.0,1.0,1.0,1.0,1.0,0.0,0.0,0.0,0.0
24,5-Aminolevulinate,cpd00338_c,0.5,0.5,0.5,0.0,0.0,0.5,0.0,0.5,0.5,0.0,0.5,0.0
25,L-Glutamate1-semialdehyde,cpd02345_c,0.5,0.5,0.5,0.0,0.0,0.5,0.0,0.5,0.5,0.0,0.5,0.0
26,Geranylgeranyl_diphosphate,cpd00289_c,1.0,0.0,0.0,0.0,0.0,1.0,0.0,0.0,0.0,0.0,0.0,0.0
27,CELB,cpd00158_c,1.0,1.0,0.0,1.0,0.0,0.0,0.0,0.0,0.0,1.0,0.0,0.0
28,Pb,cpd04097_c,1.0,1.0,1.0,1.0,1.0,0.0,1.0,0.0,1.0,1.0,0.0,1.0
29,Phosphoribosyl-ATP,cpd01775_c,1.0,1.0,1.0,1.0,1.0,1.0,1.0,0.0,0.0,1.0,0.0,0.0
30,Putrescine,cpd00118_e,1.0,1.0,0.0,1.0,1.0,0.0,1.0,1.0,1.0,0.0,1.0,0.0
31,Undecaprenyl-diphospho-N-acetylmuramoyl-N-acetylglucosamine-L-alanyl-D-glutamyl-L-lysyl-D-alanyl-D-alanine,cpd03487_c,1.0,1.0,1.0,1.0,1.0,1.0,0.0,1.0,0.0,1.0,0.0,0.0
32,Butyryl-CoA,cpd00120_c,1.0,0.0,0.0,0.0,0.0,0.0,1.0,0.0,0.0,0.0,0.0,0.0
33,Pyridoxine_phosphate,cpd00478_c,1.0,1.0,1.0,1.0,1.0,0.0,0.0,0.0,0.0,0.0,0.0,0.0
34,9-methyl-trans-dec-2-enoyl-ACP,cpd11531_c,1.0,1.0,1.0,1.0,0.0,1.0,0.0,1.0,0.0,0.0,1.0,0.0
35,L-Leucine,cpd00107_e,1.0,1.0,1.0,1.0,1.0,1.0,1.0,1.0,0.0,0.0,0.0,0.0
36,1-octadecanoyl-sn-glycerol_3-phosphate,cpd15329_c,1.0,1.0,1.0,1.0,1.0,1.0,0.0,1.0,0.0,0.0,0.0,0.0
37,Tetradecenoyl-ACP,cpd15294_c,1.0,1.0,1.0,1.0,1.0,1.0,0.0,1.0,1.0,1.0,1.0,0.0
38,1-tetradecanoyl-sn-glycerol_3-phosphate,cpd15331_c,1.0,1.0,1.0,1.0,1.0,1.0,0.0,1.0,0.0,0.0,0.0,0.0
39,11-methyl-trans-dodec-2-enoyl-ACP,cpd11535_c,1.0,1.0,1.0,1.0,0.0,1.0,0.0,1.0,0.0,0.0,1.0,0.0
40,Palmitoyl-ACP,cpd15277_c,1.0,1.0,1.0,1.0,1.0,1.0,0.0,1.0,1.0,1.0,1.0,0.0
41,5-Formyltetrahydrofolate,cpd02197_c,1.0,1.0,1.0,1.0,1.0,0.0,0.0,1.0,0.0,0.0,1.0,0.0
42,H2S,cpd00239_c,1.0,1.0,1.0,1.0,1.0,1.0,1.0,1.0,0.0,1.0,1.0,0.0
43,Gly-Gln,cpd11580_e,1.0,1.0,1.0,1.0,1.0,1.0,1.0,0.0,1.0,1.0,1.0,0.0
44,Ala-Leu,cpd11583_e,1.0,1.0,1.0,1.0,1.0,1.0,1.0,0.0,1.0,1.0,1.0,0.0
45,5-Phosphoribosylamine,cpd01982_c,1.0,1.0,0.0,1.0,0.0,1.0,1.0,0.0,1.0,1.0,1.0,0.0
46,R-S-Lactoylglutathione,cpd02182_c,1.0,1.0,1.0,1.0,1.0,0.0,1.0,0.0,0.0,1.0,0.0,0.0
47,Mg,cpd00254_c,0.5,0.5,0.0,0.5,0.5,0.0,0.0,0.0,0.0,0.5,0.0,0.0
48,Mg,cpd00254_e,0.5,0.5,0.0,0.5,0.5,0.0,0.0,0.0,0.0,0.5,0.0,0.0
49,Ala-Gln,cpd11587_e,1.0,1.0,1.0,1.0,1.0,1.0,1.0,0.0,1.0,1.0,1.0,0.0
50,gly-asn-L,cpd11581_e,1.0,1.0,1.0,1.0,1.0,1.0,1.0,0.0,1.0,1.0,1.0,0.0
51,2-Oxohept-3-enedioate,cpd01960_c,1.0,0.0,0.0,0.0,1.0,1.0,1.0,1.0,0.0,0.0,1.0,0.0
52,4-methyl-trans-pent-2-enoyl-ACP,cpd11548_c,1.0,1.0,1.0,1.0,0.0,1.0,0.0,1.0,0.0,0.0,1.0,0.0
53,L-alanylglycine,cpd11585_e,1.0,1.0,1.0,1.0,1.0,1.0,1.0,0.0,1.0,1.0,1.0,0.0
54,Co2,cpd00149_e,0.5,0.5,0.0,0.5,0.5,0.0,0.0,0.0,0.0,0.5,0.0,0.0
55,Co2,cpd00149_c,0.5,0.5,0.0,0.5,0.5,0.0,0.0,0.0,0.0,0.5,0.0,0.0
56,gly-asp-L,cpd11589_e,1.0,1.0,1.0,1.0,1.0,1.0,1.0,0.0,1.0,1.0,1.0,0.0
57,15-methyl-trans-hexa-dec-2-enoyl-ACP,cpd11543_c,1.0,1.0,1.0,1.0,0.0,1.0,0.0,1.0,0.0,0.0,1.0,0.0
58,BIOT,cpd00104_e,1.0,0.0,0.0,1.0,0.0,1.0,0.0,1.0,0.0,0.0,1.0,0.0
59,1-dodecanoyl-sn-glycerol_3-phosphate,cpd15325_c,1.0,1.0,1.0,1.0,1.0,1.0,0.0,1.0,0.0,0.0,0.0,0.0
60,D-mannose-6-phosphate,cpd00235_c,0.5,0.0,0.0,0.0,0.0,0.0,0.0,0.0,0.0,0.0,0.0,0.0
61,D-Mannose1-phosphate,cpd00485_c,0.5,0.0,0.0,0.0,0.0,0.0,0.0,0.0,0.0,0.0,0.0,0.0
62,Glycerol-3-phosphate,cpd00080_e,1.0,1.0,1.0,1.0,1.0,1.0,0.0,1.0,0.0,0.0,1.0,0.0
63,Aminoacetaldehyde,cpd04122_c,1.0,1.0,1.0,1.0,1.0,1.0,1.0,1.0,1.0,0.0,1.0,0.0
64,Succinylbenzoate,cpd01772_c,1.0,1.0,1.0,1.0,1.0,1.0,0.0,1.0,0.0,0.0,0.0,0.0
65,1-octadec-11-enoyl-sn-glycerol_3-phosphate,cpd15328_c,1.0,1.0,1.0,1.0,1.0,1.0,0.0,1.0,0.0,0.0,0.0,0.0
66,L-Isoleucine,cpd00322_e,1.0,1.0,1.0,1.0,1.0,1.0,1.0,1.0,0.0,0.0,0.0,0.0
67,ala-L-Thr-L,cpd11582_e,1.0,1.0,1.0,1.0,1.0,1.0,1.0,0.0,1.0,1.0,1.0,0.0
68,6-methyl-trans-oct-2-enoyl-ACP,cpd11502_c,1.0,1.0,1.0,1.0,0.0,1.0,0.0,1.0,0.0,0.0,1.0,0.0
69,ala-L-glu-L,cpd11586_e,1.0,1.0,1.0,1.0,1.0,1.0,1.0,0.0,1.0,1.0,1.0,0.0
70,1-hexadecanoyl-sn-glycerol_3-phosphate,cpd15327_c,1.0,1.0,1.0,1.0,1.0,1.0,0.0,1.0,0.0,0.0,0.0,0.0
71,1-2-carboxyphenylamino-1-deoxyribulose_5-phosphate,cpd00956_c,1.0,1.0,1.0,1.0,1.0,0.0,1.0,0.0,0.0,0.0,0.0,0.0
72,D-Glucose,cpd00027_e,1.0,0.0,0.0,0.0,0.0,0.0,0.0,0.0,0.0,0.0,0.0,0.0
73,Manninotriose,cpd03200_c,1.0,0.0,1.0,1.0,0.0,0.0,0.0,0.0,1.0,1.0,0.0,0.0
74,1-anteisoheptadecanoyl-sn-glycerol_3-phosphate,cpd15672_c,1.0,1.0,1.0,1.0,1.0,1.0,0.0,1.0,0.0,0.0,1.0,0.0
75,14-methyl-trans-pentadec-2-enoyl-ACP,cpd11568_c,1.0,1.0,1.0,1.0,0.0,1.0,0.0,1.0,0.0,0.0,1.0,0.0
76,4-Aminobutanal,cpd00434_c,1.0,1.0,1.0,1.0,1.0,1.0,1.0,1.0,1.0,1.0,1.0,0.0
77,L-Arabinose,cpd00224_e,1.0,0.0,0.0,0.0,0.0,0.0,0.0,0.0,0.0,0.0,0.0,0.0
78,gly-pro-L,cpd11588_e,1.0,1.0,1.0,1.0,1.0,1.0,1.0,0.0,1.0,1.0,1.0,0.0
79,1-tetradec-7-enoyl-sn-glycerol_3-phosphate,cpd15330_c,1.0,1.0,1.0,1.0,1.0,1.0,0.0,1.0,0.0,0.0,1.0,0.0
80,Ala-His,cpd11584_e,1.0,1.0,1.0,1.0,1.0,1.0,1.0,0.0,1.0,1.0,1.0,0.0
81,1-isopentadecanoyl-sn-glycerol_3-phosphate,cpd15674_c,1.0,1.0,1.0,1.0,1.0,1.0,0.0,1.0,0.0,0.0,1.0,0.0
82,7-methyl-trans-oct-2-enoyl-ACP,cpd11527_c,1.0,1.0,1.0,1.0,0.0,1.0,0.0,1.0,0.0,0.0,1.0,0.0
83,beta-Alanine,cpd00085_c,1.0,1.0,0.0,1.0,1.0,1.0,0.0,0.0,0.0,0.0,0.0,0.0
84,10-methyl-trans-undec-2-enoyl-ACP,cpd11560_c,1.0,1.0,1.0,1.0,0.0,1.0,0.0,1.0,0.0,0.0,1.0,0.0
85,Imidazole_acetaldehyde,cpd03052_c,1.0,1.0,1.0,1.0,1.0,1.0,1.0,1.0,1.0,1.0,1.0,0.0
86,8-methyl-trans-dec-2-enoyl-ACP,cpd11506_c,1.0,1.0,1.0,1.0,0.0,1.0,0.0,1.0,0.0,0.0,1.0,0.0
87,Orotidylic_acid,cpd00810_c,1.0,1.0,1.0,1.0,1.0,1.0,1.0,1.0,0.0,1.0,1.0,0.0
88,Butyryl-ACP,cpd11464_c,1.0,1.0,1.0,1.0,0.0,1.0,1.0,1.0,0.0,0.0,1.0,1.0
89,12-methyl-trans-tridec-2-enoyl-ACP,cpd11564_c,1.0,1.0,1.0,1.0,0.0,1.0,0.0,1.0,0.0,0.0,1.0,0.0
90,L-Proline,cpd00129_e,1.0,0.0,0.0,1.0,0.0,0.0,0.0,1.0,0.0,0.0,0.0,0.0
91,Octadecenoyl-ACP,cpd11825_c,1.0,1.0,1.0,1.0,1.0,1.0,0.0,1.0,1.0,1.0,1.0,0.0
92,Glycerophosphoethanolamine,cpd00908_c,1.0,1.0,1.0,1.0,1.0,1.0,0.0,1.0,1.0,0.0,0.0,0.0
93,5-Carboxy-2-oxohept-3-enedioate,cpd02507_c,1.0,0.0,0.0,0.0,1.0,1.0,1.0,1.0,0.0,0.0,1.0,0.0
94,BET,cpd00540_e,1.0,0.0,0.0,1.0,0.0,0.0,0.0,1.0,0.0,0.0,0.0,0.0
95,Cys-Gly,cpd01017_e,1.0,1.0,1.0,1.0,1.0,1.0,1.0,0.0,1.0,1.0,1.0,0.0
96,Thyminose,cpd01242_e,1.0,0.0,0.0,1.0,1.0,1.0,1.0,1.0,1.0,0.0,0.0,0.0
97,Sulfate,cpd00048_e,1.0,0.0,1.0,0.0,0.0,0.0,0.0,0.0,0.0,0.0,0.0,0.0
98,GDP-mannose,cpd00083_c,1.0,0.0,0.0,0.0,0.0,0.0,0.0,1.0,0.0,1.0,0.0,1.0
99,1-hexadec-9-enoyl-sn-glycerol_3-phosphate,cpd15326_c,1.0,1.0,1.0,1.0,1.0,1.0,0.0,1.0,0.0,0.0,0.0,0.0
100,14-methyl-trans-hexa-dec-2-enoyl-ACP,cpd11518_c,1.0,1.0,1.0,1.0,0.0,1.0,0.0,1.0,0.0,0.0,1.0,0.0
101,1-isoheptadecanoyl-sn-glycerol_3-phosphate,cpd15671_c,1.0,1.0,1.0,1.0,1.0,1.0,0.0,1.0,0.0,0.0,1.0,0.0
102,Glycerophosphocholine,cpd00507_c,1.0,1.0,1.0,1.0,1.0,1.0,0.0,1.0,1.0,0.0,1.0,0.0
103,4-methyl-trans-hex-2-enoyl-ACP,cpd11498_c,1.0,1.0,1.0,1.0,0.0,1.0,0.0,1.0,0.0,0.0,1.0,0.0
104,1-anteisopentadecanoyl-sn-glycerol_3-phosphate,cpd15675_c,1.0,1.0,1.0,1.0,1.0,1.0,0.0,1.0,0.0,0.0,1.0,0.0
105,L-Glutamate5-semialdehyde,cpd00858_c,1.0,1.0,0.0,1.0,1.0,0.0,1.0,1.0,0.0,0.0,1.0,0.0
106,1-isotetradecanoyl-sn-glycerol_3-phosphate,cpd15673_c,1.0,1.0,1.0,1.0,1.0,1.0,0.0,1.0,0.0,0.0,1.0,0.0
107,Gly-Met,cpd11591_e,1.0,1.0,1.0,1.0,1.0,1.0,1.0,0.0,1.0,1.0,1.0,0.0
108,Gly-Cys,cpd15603_e,1.0,1.0,1.0,1.0,1.0,1.0,1.0,0.0,1.0,1.0,1.0,0.0
109,8-methyl-trans-non-2-enoyl-ACP,cpd11556_c,1.0,1.0,1.0,1.0,0.0,1.0,0.0,1.0,0.0,0.0,1.0,0.0
110,meso-2_6-Diaminopimelate,cpd00516_c,1.0,0.5,0.5,0.5,0.5,0.5,0.0,0.5,0.0,1.0,0.5,0.0
111,Ni2,cpd00244_e,1.0,1.0,0.0,1.0,1.0,1.0,0.0,0.0,0.0,0.0,0.0,0.0
112,H2S2O3,cpd00268_c,1.0,1.0,0.0,0.0,1.0,1.0,0.0,1.0,0.0,1.0,1.0,0.0
113,ala-L-asp-L,cpd11593_e,1.0,1.0,1.0,1.0,1.0,1.0,1.0,0.0,1.0,1.0,1.0,0.0
114,Cytidine,cpd00367_c,1.0,0.0,0.0,0.0,1.0,1.0,0.0,0.0,0.0,0.0,1.0,0.0
115,Gluconolactone,cpd00170_c,1.0,0.0,0.0,0.0,0.0,0.0,0.0,0.0,0.0,0.0,0.0,0.0
116,Pretyrosine,cpd00616_c,1.0,1.0,1.0,1.0,1.0,1.0,0.0,0.0,0.0,0.0,0.0,0.0
117,tRNA-Glu,cpd11912_c,1.0,1.0,1.0,1.0,1.0,1.0,0.0,1.0,0.0,0.0,0.0,0.0
118,O-Acetyl-L-serine,cpd00722_c,1.0,1.0,0.0,0.0,0.0,1.0,1.0,0.0,0.0,0.0,0.0,0.0
119,Dodecanoyl-ACP,cpd11468_c,1.0,1.0,1.0,1.0,1.0,1.0,1.0,1.0,1.0,1.0,1.0,1.0
120,D-Proline,cpd00567_c,1.0,0.0,0.0,0.0,1.0,0.0,0.0,0.0,0.0,0.0,0.0,0.0
121,1-isohexadecanoyl-sn-glycerol_3-phosphate,cpd15676_c,1.0,1.0,1.0,1.0,1.0,1.0,0.0,1.0,0.0,0.0,1.0,0.0
122,tetrahydrodipicolinate,cpd02465_c,1.0,1.0,0.0,1.0,1.0,1.0,1.0,0.0,1.0,1.0,0.0,0.0
123,D-erythro-imidazol-glycerol-phosphate,cpd02843_c,1.0,1.0,1.0,1.0,0.0,1.0,1.0,1.0,1.0,1.0,0.0,0.0
124,Cd2,cpd01012_c,1.0,1.0,1.0,1.0,1.0,0.0,1.0,0.0,1.0,1.0,0.0,1.0
125,6-methyl-trans-hept-2-enoyl-ACP,cpd11552_c,1.0,1.0,1.0,1.0,0.0,1.0,0.0,1.0,0.0,0.0,1.0,0.0
126,Spermidine,cpd00264_e,1.0,1.0,0.0,1.0,1.0,0.0,1.0,1.0,1.0,0.0,1.0,0.0
127,Octadecanoyl-ACP,cpd15268_c,1.0,1.0,1.0,1.0,1.0,1.0,0.0,1.0,1.0,1.0,1.0,0.0
128,Glycerophosphoglycerol,cpd02090_c,1.0,1.0,1.0,1.0,1.0,1.0,0.0,1.0,1.0,0.0,0.0,0.0
129,fa12,cpd11433_c,0.0,1.0,0.0,0.0,0.0,0.0,0.0,0.0,1.0,1.0,1.0,0.0
130,Cbl,cpd00635_e,0.0,1.0,0.0,0.0,0.0,1.0,0.0,0.0,0.0,1.0,0.0,0.0
131,hexadecenoate,cpd15237_c,0.0,1.0,0.0,0.0,0.0,0.0,0.0,0.0,1.0,1.0,0.0,0.0
132,fa6,cpd11440_c,0.0,1.0,0.0,0.0,0.0,0.0,0.0,0.0,1.0,1.0,1.0,0.0
133,Inositol_3-phosphate,cpd02484_c,0.0,1.0,1.0,1.0,1.0,1.0,0.0,1.0,0.0,0.0,0.0,0.0
134,Amylotriose,cpd01262_e,0.0,1.0,1.0,1.0,1.0,0.0,0.0,0.0,0.0,0.0,0.0,0.0
135,dCMP,cpd00206_c,0.0,1.0,1.0,1.0,0.0,0.0,0.0,0.0,0.0,0.0,0.0,0.0
136,fa4,cpd11438_c,0.0,1.0,0.0,0.0,0.0,0.0,0.0,0.0,1.0,1.0,1.0,0.0
137,Nicotinamide_ribonucleotide,cpd00355_c,0.0,1.0,1.0,1.0,0.0,0.0,0.0,0.0,0.0,0.0,0.0,0.0
138,fa3,cpd11436_c,0.0,1.0,0.0,0.0,0.0,0.0,0.0,0.0,1.0,1.0,1.0,0.0
139,LL-2_6-Diaminopimelate,cpd00504_c,0.0,0.5,0.5,0.5,0.5,0.5,0.0,0.5,0.0,0.0,0.5,0.0
140,Farnesylfarnesylgeraniol,cpd02557_c,0.0,1.0,1.0,1.0,1.0,0.0,0.0,0.0,0.0,1.0,0.0,0.0
141,Zn2,cpd00034_e,0.0,1.0,0.0,0.0,0.0,0.0,0.0,1.0,0.0,0.0,1.0,0.0
142,fa1,cpd11430_c,0.0,1.0,0.0,0.0,0.0,0.0,0.0,0.0,1.0,1.0,1.0,0.0
143,Ferrichrome,cpd03724_e,0.0,1.0,0.0,0.0,0.0,0.0,0.0,0.0,0.0,0.0,0.0,0.0
144,L_Arabinonate,cpd00427_c,0.0,1.0,0.0,0.0,0.0,0.0,0.0,0.0,0.0,0.0,0.0,0.0
145,Vitamin_B12r,cpd00423_e,0.0,1.0,0.0,0.0,0.0,1.0,0.0,0.0,0.0,1.0,0.0,0.0
146,UDP-galactose,cpd00043_c,0.0,0.5,0.0,0.0,0.0,0.0,0.0,0.0,0.0,0.0,0.0,0.5
147,UDP-glucose,cpd00026_c,0.0,0.5,0.0,0.0,0.0,0.0,0.0,0.0,0.0,0.0,0.0,0.5
148,Ornithine,cpd00064_c,0.0,1.0,1.0,0.0,1.0,1.0,1.0,0.0,0.0,0.0,1.0,0.0
149,Vitamin_B12,cpd03424_e,0.0,1.0,0.0,0.0,0.0,1.0,0.0,0.0,0.0,1.0,0.0,0.0
150,Palmitate,cpd00214_c,0.0,1.0,0.0,0.0,0.0,0.0,0.0,0.0,1.0,1.0,0.0,0.0
151,2-Acetamido-5-oxopentanoate,cpd00918_c,0.0,1.0,0.0,0.0,1.0,0.0,0.0,0.0,0.0,0.0,0.0,0.0
152,Chitobiose,cpd01157_c,0.0,1.0,0.0,0.0,0.0,0.0,0.0,0.0,0.0,0.0,0.0,0.0
153,fa11,cpd11431_c,0.0,1.0,0.0,0.0,0.0,0.0,0.0,0.0,1.0,1.0,1.0,0.0
154,Inositol_4-phosphate,cpd02230_c,0.0,1.0,1.0,1.0,1.0,1.0,0.0,1.0,0.0,0.0,0.0,0.0
155,ocdca,cpd01080_c,0.0,1.0,0.0,0.0,0.0,0.0,0.0,0.0,1.0,1.0,0.0,0.0
156,H2,cpd11640_c,0.0,1.0,1.0,1.0,0.0,0.0,0.0,0.0,0.0,0.0,0.0,0.0
157,Myristic_acid,cpd03847_c,0.0,1.0,0.0,0.0,0.0,0.0,0.0,0.0,1.0,1.0,0.0,0.0
158,Maltohexaose,cpd01329_e,0.0,1.0,1.0,1.0,1.0,0.0,0.0,0.0,0.0,0.0,0.0,0.0
159,octadecenoate,cpd15269_c,0.0,1.0,0.0,0.0,0.0,0.0,0.0,0.0,1.0,1.0,0.0,0.0
160,fa4coa,cpd11439_c,0.0,0.0,1.0,0.0,1.0,0.0,0.0,0.0,0.0,0.0,0.0,0.0
161,Palmitoyl-CoA,cpd00134_c,0.0,0.0,1.0,0.0,1.0,0.0,0.0,0.0,0.0,0.0,0.0,0.0
162,fa3coa,cpd11437_c,0.0,0.0,1.0,0.0,1.0,0.0,0.0,0.0,0.0,0.0,0.0,0.0
163,DMAPP,cpd00202_c,0.0,0.0,1.0,0.0,0.0,1.0,0.0,0.0,0.0,1.0,0.0,0.0
164,hexadecanoyl-acp,cpd11476_c,0.0,0.0,1.0,0.0,0.0,0.0,0.0,0.0,0.0,0.0,1.0,1.0
165,fa1coa,cpd11435_c,0.0,0.0,1.0,0.0,1.0,0.0,0.0,0.0,0.0,0.0,0.0,0.0
166,fa11coa,cpd11432_c,0.0,0.0,1.0,0.0,1.0,0.0,0.0,0.0,0.0,0.0,0.0,0.0
167,D_Altronate,cpd00608_c,0.0,0.0,1.0,0.0,0.0,0.0,0.0,0.0,0.0,0.0,0.0,0.0
168,fa12coa,cpd11434_c,0.0,0.0,1.0,0.0,1.0,0.0,0.0,0.0,0.0,0.0,0.0,0.0
169,fa6coa,cpd11441_c,0.0,0.0,1.0,0.0,1.0,0.0,0.0,0.0,0.0,0.0,0.0,0.0
170,Prephenate,cpd00219_c,0.0,0.0,1.0,0.0,0.0,0.0,0.0,0.0,0.0,1.0,1.0,0.0
171,dCTP,cpd00356_c,0.0,0.0,1.0,0.0,0.0,0.0,1.0,0.0,0.0,0.0,0.0,0.0
172,Nicotinate_ribonucleotide,cpd00873_c,0.0,0.0,1.0,0.0,1.0,1.0,0.0,0.0,0.0,0.0,0.0,0.0
173,O-Succinyl-L-homoserine,cpd00822_c,0.0,0.0,1.0,0.0,0.0,1.0,0.0,1.0,0.0,1.0,0.0,0.0
174,Myristoyl-ACP,cpd11466_c,0.0,0.0,1.0,0.0,1.0,0.0,0.0,0.0,1.0,1.0,1.0,1.0
175,strcoa,cpd00327_c,0.0,0.0,1.0,0.0,1.0,0.0,0.0,0.0,0.0,0.0,0.0,0.0
176,GLCN,cpd00222_c,0.0,0.0,1.0,0.0,1.0,0.0,0.0,0.0,0.0,0.0,0.0,0.0
177,H2S2O3,cpd00268_e,0.0,0.0,1.0,1.0,0.0,0.0,0.0,0.0,0.0,0.0,0.0,0.0
178,Deamido-NAD,cpd00638_c,0.0,0.0,1.0,0.0,1.0,1.0,0.0,0.0,0.0,0.0,0.0,0.0
179,Butyro-betaine,cpd08306_e,0.0,0.0,0.0,1.0,0.0,0.0,0.0,1.0,0.0,0.0,0.0,0.0
180,Agmatine,cpd00152_c,0.0,0.0,0.0,1.0,1.0,0.0,1.0,1.0,0.0,1.0,1.0,0.0
181,Mn2,cpd00030_e,0.0,0.0,0.0,1.0,0.0,1.0,0.0,0.0,0.0,0.0,0.0,0.0
182,crotonobetaine,cpd08305_e,0.0,0.0,0.0,1.0,0.0,0.0,0.0,1.0,0.0,0.0,0.0,0.0
183,dTDPglucose,cpd00626_c,0.0,0.0,0.0,1.0,1.0,1.0,0.0,0.0,0.0,0.0,0.0,1.0
184,ARSENOBETAINE,cpd11597_e,0.0,0.0,0.0,1.0,0.0,0.0,0.0,1.0,0.0,0.0,0.0,0.0
185,trans-4-Hydroxy-L-proline,cpd00851_c,0.0,0.0,0.0,0.5,0.0,0.0,0.0,0.0,0.0,0.0,0.0,0.0
186,cis-4-Hydroxy-D-proline,cpd02175_c,0.0,0.0,0.0,0.5,0.0,0.0,0.0,0.0,0.0,0.0,0.0,0.0
187,Neu5Ac,cpd00232_c,0.0,0.0,0.0,1.0,1.0,0.0,0.0,0.0,1.0,1.0,0.0,0.0
188,Aminoacetone,cpd01298_c,0.0,0.0,0.0,1.0,0.0,0.0,0.0,1.0,0.0,0.0,0.0,0.0
189,2-Octaprenyl-6-methoxy-1_4-benzoquinone,cpd03447_c,0.0,0.0,0.0,0.0,1.0,0.0,0.0,0.0,0.0,0.0,0.0,0.0
190,Sarcosine,cpd00183_c,0.0,0.0,0.0,0.0,1.0,0.0,1.0,1.0,0.0,0.0,0.0,0.0
191,phosphoribosylformiminoaicar-phosphate,cpd02979_c,0.0,0.0,0.0,0.0,0.5,0.0,0.0,0.0,0.0,0.0,0.5,0.0
192,phosphoribulosylformimino-AICAR-phosphate,cpd02991_c,0.0,0.0,0.0,0.0,0.5,0.0,0.0,0.0,0.0,0.0,0.5,0.0
193,L-histidinol-phosphate,cpd00807_c,0.0,0.0,0.0,0.0,1.0,0.0,0.0,0.0,0.0,0.0,0.0,0.0
194,Acrylate,cpd00400_c,0.0,0.0,0.0,0.0,1.0,0.0,0.0,0.0,0.0,0.0,0.0,0.0
195,4-Guanidinobutanamide,cpd01973_c,0.0,0.0,0.0,0.0,1.0,0.0,0.0,0.0,0.0,0.0,0.0,0.0
196,Acetamide,cpd03734_c,0.0,0.0,0.0,0.0,1.0,0.0,0.0,0.0,0.0,0.0,0.0,0.0
197,Demethylphylloquinone,cpd09410_c,0.0,0.0,0.0,0.0,1.0,0.0,0.0,0.0,0.0,0.0,0.0,0.0
198,Indole-3-acetamide,cpd01747_c,0.0,0.0,0.0,0.0,1.0,0.0,0.0,0.0,1.0,0.0,0.0,0.0
199,Benzamide,cpd06707_c,0.0,0.0,0.0,0.0,1.0,0.0,0.0,0.0,0.0,0.0,0.0,0.0
200,Inositol_1-phosphate,cpd00867_c,0.0,0.0,0.0,0.0,0.0,1.0,0.0,0.0,0.0,0.0,0.0,0.0
201,8-Amino-7-oxononanoate,cpd00800_c,0.0,0.0,0.0,0.0,0.0,0.25,0.25,0.0,0.0,0.0,0.0,0.0
202,S-Adenosyl-4-methylthio-2-oxobutanoate,cpd02701_c,0.0,0.0,0.0,0.0,0.0,0.25,0.25,0.0,0.0,0.0,0.0,0.0
203,S-Adenosyl-L-methionine,cpd00017_c,0.0,0.0,0.0,0.0,0.0,0.25,0.25,0.0,0.0,0.0,0.0,0.0
204,7-8-Diaminononanoate,cpd00764_c,0.0,0.0,0.0,0.0,0.0,0.25,0.25,0.0,0.0,0.0,0.0,0.0
205,2-Demethylmenaquinone_8,cpd15352_c,0.0,0.0,0.0,0.0,0.0,1.0,0.0,0.0,1.0,1.0,0.0,0.0
206,D-Glucarate,cpd00609_c,0.0,0.0,0.0,0.0,0.0,1.0,0.0,0.0,0.0,0.0,0.0,0.0
207,Carbamoylphosphate,cpd00146_c,0.0,0.0,0.0,0.0,0.0,1.0,0.0,0.0,0.0,0.0,0.0,0.0
208,2_5-Dioxopentanoate,cpd00340_c,0.0,0.0,0.0,0.0,0.0,1.0,0.0,0.0,0.0,0.0,0.0,0.0
209,Isopentenyldiphosphate,cpd00113_c,0.0,0.0,0.0,0.0,0.0,1.0,0.0,1.0,0.0,0.0,0.0,0.0
210,11-methyl-dodecanoyl-ACP,cpd11536_c,0.0,0.0,0.0,0.0,0.0,0.0,1.0,0.0,0.0,0.0,0.0,1.0
211,9-methyl-decanoyl-ACP,cpd11532_c,0.0,0.0,0.0,0.0,0.0,0.0,1.0,0.0,0.0,0.0,0.0,1.0
212,L-Serine,cpd00054_c,0.0,0.0,0.0,0.0,0.0,0.0,1.0,0.0,0.0,0.0,0.0,0.0
213,4-Phosphonooxy-threonine,cpd03607_c,0.0,0.0,0.0,0.0,0.0,0.0,1.0,1.0,0.0,0.0,0.0,0.0
214,6-methyl-heptanoyl-ACP,cpd11553_c,0.0,0.0,0.0,0.0,0.0,0.0,1.0,0.0,0.0,0.0,0.0,1.0
215,ADPribose,cpd00251_c,0.0,0.0,0.0,0.0,0.0,0.0,1.0,0.0,0.0,0.0,1.0,0.0
216,8-methyl-nonanoyl-ACP,cpd11557_c,0.0,0.0,0.0,0.0,0.0,0.0,1.0,0.0,0.0,0.0,0.0,1.0
217,10-methyl-dodecanoyl-ACP,cpd11511_c,0.0,0.0,0.0,0.0,0.0,0.0,1.0,0.0,0.0,0.0,0.0,1.0
218,4-methyl-pentanoyl-ACP,cpd11549_c,0.0,0.0,0.0,0.0,0.0,0.0,1.0,0.0,0.0,0.0,0.0,1.0
219,4-methyl-hexanoyl-ACP,cpd11499_c,0.0,0.0,0.0,0.0,0.0,0.0,1.0,0.0,0.0,0.0,0.0,1.0
220,DAHP,cpd02857_c,0.0,0.0,0.0,0.0,0.0,0.0,1.0,0.0,1.0,0.0,0.0,0.0
221,Farnesyldiphosphate,cpd00350_c,0.0,0.0,0.0,0.0,0.0,0.0,1.0,0.0,0.0,0.0,0.0,0.0
222,Ala-Ala,cpd00731_c,0.0,0.0,0.0,0.0,0.0,0.0,1.0,0.0,0.0,0.0,0.0,0.0
223,5-methyl-hexanoyl-ACP,cpd11524_c,0.0,0.0,0.0,0.0,0.0,0.0,1.0,0.0,0.0,0.0,0.0,1.0
224,7_8-Dihydroneopterin_3'-triphosphate,cpd02978_c,0.0,0.0,0.0,0.0,0.0,0.0,1.0,0.0,0.0,0.0,0.0,0.0
225,1-deoxy-D-xylulose5-phosphate,cpd08289_c,0.0,0.0,0.0,0.0,0.0,0.0,1.0,0.0,1.0,1.0,0.0,0.0
226,8-methyl-decanoyl-ACP,cpd11507_c,0.0,0.0,0.0,0.0,0.0,0.0,1.0,0.0,0.0,0.0,0.0,1.0
227,5-Carboxymethyl-2-hydroxymuconic_semialdehyde,cpd02828_c,0.0,0.0,0.0,0.0,0.0,0.0,1.0,0.0,0.0,0.0,1.0,0.0
228,7-methyl-octanoyl-ACP,cpd11528_c,0.0,0.0,0.0,0.0,0.0,0.0,1.0,0.0,0.0,0.0,0.0,1.0
229,3-oxoadipate-enol-lactone,cpd02255_c,0.0,0.0,0.0,0.0,0.0,0.0,1.0,0.0,1.0,1.0,0.0,0.0
230,6-methyl-octanoyl-ACP,cpd11503_c,0.0,0.0,0.0,0.0,0.0,0.0,1.0,0.0,0.0,0.0,0.0,1.0
231,Pantoate,cpd00408_c,0.0,0.0,0.0,0.0,0.0,0.0,1.0,0.0,0.0,0.0,0.0,0.0
232,3-Ureidopropanoate,cpd01720_c,0.0,0.0,0.0,0.0,0.0,0.0,1.0,0.0,1.0,0.0,0.0,0.0
233,2-Phosphoglycolate,cpd00727_c,0.0,0.0,0.0,0.0,0.0,0.0,1.0,0.0,0.0,0.0,0.0,0.0
234,2-Octaprenylphenol,cpd03444_c,0.0,0.0,0.0,0.0,0.0,0.0,1.0,0.0,0.0,1.0,0.0,0.0
235,4-Nitrophenyl_phosphate,cpd02135_c,0.0,0.0,0.0,0.0,0.0,0.0,1.0,0.0,0.0,0.0,0.0,0.0
236,3-Ureidoisobutyrate,cpd03034_c,0.0,0.0,0.0,0.0,0.0,0.0,1.0,0.0,1.0,0.0,0.0,0.0
237,10-methyl-undecanoyl-ACP,cpd11561_c,0.0,0.0,0.0,0.0,0.0,0.0,1.0,0.0,0.0,0.0,0.0,1.0
238,Tyramine,cpd00374_c,0.0,0.0,0.0,0.0,0.0,0.0,0.0,1.0,0.0,0.0,0.0,0.0
239,N-Carbamoylputrescine,cpd00341_c,0.0,0.0,0.0,0.0,0.0,0.0,0.0,1.0,0.0,0.0,0.0,0.0
240,Ala-Leu,cpd11583_c,0.0,0.0,0.0,0.0,0.0,0.0,0.0,1.0,0.0,0.0,0.0,0.0
241,L-Malate,cpd00130_c,0.0,0.0,0.0,0.0,0.0,0.0,0.0,1.0,0.0,0.0,0.0,0.0
242,D-Alanine,cpd00117_c,0.0,0.0,0.0,0.0,0.0,0.0,0.0,1.0,0.0,0.0,0.0,0.0
243,D-Glucosamine1-phosphate,cpd03671_c,0.0,0.0,0.0,0.0,0.0,0.0,0.0,1.0,0.0,0.0,1.0,0.0
244,gly-pro-L,cpd11588_c,0.0,0.0,0.0,0.0,0.0,0.0,0.0,1.0,0.0,0.0,0.0,0.0
245,GMP,cpd00126_c,0.0,0.0,0.0,0.0,0.0,0.0,0.0,1.0,0.0,0.0,0.0,0.0
246,L-Tryptophan,cpd00065_c,0.0,0.0,0.0,0.0,0.0,0.0,0.0,1.0,0.0,0.0,1.0,0.0
247,Undecaprenyl-diphospho-N-acetylmuramoyl-N-acetylglucosamine-L-alanyl-gamma-D-glutamyl-L-lysyl-D-alanyl-D-alanine,cpd03491_c,0.0,0.0,0.0,0.0,0.0,0.0,0.0,1.0,0.0,1.0,0.0,0.0
248,2-Amino-4-hydroxy-6-hydroxymethyl-7-8-dihydropteridinediphosphate,cpd02920_c,0.0,0.0,0.0,0.0,0.0,0.0,0.0,1.0,0.0,0.0,0.0,0.0
249,Reduced_coenzyme_F420,cpd00792_c,0.0,0.0,0.0,0.0,0.0,0.0,0.0,0.0,0.25,0.25,0.0,0.0
250,5-Methyl-H4MPT,cpd02737_c,0.0,0.0,0.0,0.0,0.0,0.0,0.0,0.0,0.25,0.25,0.0,0.0
251,5_10-Methylenetetrahydromethanopterin,cpd02679_c,0.0,0.0,0.0,0.0,0.0,0.0,0.0,0.0,0.25,0.25,0.0,0.0
252,Coenzyme_F420,cpd00649_c,0.0,0.0,0.0,0.0,0.0,0.0,0.0,0.0,0.25,0.25,0.0,0.0
253,D-Ribulose5-phosphate,cpd00171_c,0.0,0.0,0.0,0.0,0.0,0.0,0.0,0.0,0.5,0.0,0.0,0.0
254,D-Xylulose5-phosphate,cpd00198_c,0.0,0.0,0.0,0.0,0.0,0.0,0.0,0.0,0.5,0.0,0.0,0.0
255,GTP,cpd00038_c,0.0,0.0,0.0,0.0,0.0,0.0,0.0,0.0,1.0,1.0,0.0,0.0
256,Peptidoglycan_polymer_n-1_subunits,cpd15666_c,0.0,0.0,0.0,0.0,0.0,0.0,0.0,0.0,0.25,0.0,0.0,0.0
257,Bactoprenyl_diphosphate,cpd02229_c,0.0,0.0,0.0,0.0,0.0,0.0,0.0,0.0,0.25,1.0,0.0,0.0
258,Undecaprenyl-diphospho-N-acetylmuramoyl-N-acetylglucosamine-L-ala-D-glu-meso-2-6-diaminopimeloyl-D-ala-D-ala,cpd03495_c,0.0,0.0,0.0,0.0,0.0,0.0,0.0,0.0,0.25,1.0,0.0,0.0
259,Peptidoglycan_polymer_n_subunits,cpd15665_c,0.0,0.0,0.0,0.0,0.0,0.0,0.0,0.0,0.25,0.0,0.0,0.0
260,5'-Phosphoribosyl-4-carboxy-5-aminoimidazole,cpd02893_c,0.0,0.0,0.0,0.0,0.0,0.0,0.0,0.0,1.0,0.0,0.0,0.0
261,L-Arginine,cpd00051_c,0.0,0.0,0.0,0.0,0.0,0.0,0.0,0.0,0.333333,0.0,0.0,0.0
262,Fumarate,cpd00106_c,0.0,0.0,0.0,0.0,0.0,0.0,0.0,0.0,0.333333,0.0,0.0,0.0
263,L-Argininosuccinate,cpd02152_c,0.0,0.0,0.0,0.0,0.0,0.0,0.0,0.0,0.333333,0.0,0.0,0.0
264,dTDP-4-oxo-L-rhamnose,cpd00522_c,0.0,0.0,0.0,0.0,0.0,0.0,0.0,0.0,0.5,0.0,0.0,0.0
265,dTDP-4-oxo-6-deoxy-D-glucose,cpd00521_c,0.0,0.0,0.0,0.0,0.0,0.0,0.0,0.0,0.5,0.0,0.0,0.0
266,AICAR,cpd02851_c,0.0,0.0,0.0,0.0,0.0,0.0,0.0,0.0,1.0,0.0,0.0,0.0
267,6-7-Dimethyl-8-1-D-ribityllumazine,cpd02656_c,0.0,0.0,0.0,0.0,0.0,0.0,0.0,0.0,1.0,0.0,0.0,0.0
268,Acetoacetate,cpd00142_c,0.0,0.0,0.0,0.0,0.0,0.0,0.0,0.0,1.0,0.0,1.0,0.0
269,5-O-1-Carboxyvinyl-3-phosphoshikimate,cpd00932_c,0.0,0.0,0.0,0.0,0.0,0.0,0.0,0.0,1.0,0.0,0.0,0.0
270,ribose-5-phosphate,cpd00101_c,0.0,0.0,0.0,0.0,0.0,0.0,0.0,0.0,1.0,0.0,0.0,0.0
271,butanesulfonate,cpd11596_c,0.0,0.0,0.0,0.0,0.0,0.0,0.0,0.0,0.0,1.0,0.0,0.0
272,D-methylmalonyl-CoA,cpd00519_c,0.0,0.0,0.0,0.0,0.0,0.0,0.0,0.0,0.0,0.333333,0.0,0.0
273,Succinyl-CoA,cpd00078_c,0.0,0.0,0.0,0.0,0.0,0.0,0.0,0.0,0.0,0.333333,0.0,0.0
274,L-methylmalonyl-CoA,cpd00891_c,0.0,0.0,0.0,0.0,0.0,0.0,0.0,0.0,0.0,0.333333,0.0,0.0
275,Isethionate,cpd03048_c,0.0,0.0,0.0,0.0,0.0,0.0,0.0,0.0,0.0,1.0,0.0,0.0
276,Cl,cpd00099_e,0.0,0.0,0.0,0.0,0.0,0.0,0.0,0.0,0.0,0.5,0.0,0.0
277,Cl,cpd00099_c,0.0,0.0,0.0,0.0,0.0,0.0,0.0,0.0,0.0,0.5,0.0,0.0
278,4-Hydroxymethylsalicylate,cpd09812_c,0.0,0.0,0.0,0.0,0.0,0.0,0.0,0.0,0.0,1.0,0.0,0.0
279,methanesulfonate,cpd08023_c,0.0,0.0,0.0,0.0,0.0,0.0,0.0,0.0,0.0,1.0,0.0,0.0
280,Hydrouracil,cpd00337_c,0.0,0.0,0.0,0.0,0.0,0.0,0.0,0.0,0.0,1.0,0.0,0.0
281,Glycerol-3-phosphate,cpd00080_c,0.0,0.0,0.0,0.0,0.0,0.0,0.0,0.0,0.0,1.0,0.0,0.0
282,SALC,cpd00599_c,0.0,0.0,0.0,0.0,0.0,0.0,0.0,0.0,0.0,1.0,0.0,0.0
283,hexanesulfonate,cpd11578_c,0.0,0.0,0.0,0.0,0.0,0.0,0.0,0.0,0.0,1.0,0.0,0.0
284,Taurine,cpd00210_c,0.0,0.0,0.0,0.0,0.0,0.0,0.0,0.0,0.0,1.0,0.0,0.0
285,dUMP,cpd00299_c,0.0,0.0,0.0,0.0,0.0,0.0,0.0,0.0,0.0,1.0,0.0,0.0
286,Dihydrothymine,cpd00673_c,0.0,0.0,0.0,0.0,0.0,0.0,0.0,0.0,0.0,1.0,0.0,0.0
287,m-Cresotic_acid,cpd09806_c,0.0,0.0,0.0,0.0,0.0,0.0,0.0,0.0,0.0,1.0,0.0,0.0
288,FMNH2,cpd01270_c,0.0,0.0,0.0,0.0,0.0,0.0,0.0,0.0,0.0,1.0,0.0,0.0
289,1-Hydroxy-2-naphthoate,cpd02045_c,0.0,0.0,0.0,0.0,0.0,0.0,0.0,0.0,0.0,1.0,0.0,0.0
290,Uracil,cpd00092_c,0.0,0.0,0.0,0.0,0.0,0.0,0.0,0.0,0.0,1.0,0.0,0.0
291,3-Methylsalicylate,cpd09791_c,0.0,0.0,0.0,0.0,0.0,0.0,0.0,0.0,0.0,1.0,0.0,0.0
292,ethanesulfonate,cpd11579_c,0.0,0.0,0.0,0.0,0.0,0.0,0.0,0.0,0.0,1.0,0.0,0.0
293,Sulfoacetate,cpd09878_c,0.0,0.0,0.0,0.0,0.0,0.0,0.0,0.0,0.0,1.0,0.0,0.0
294,GSH,cpd00042_c,0.0,0.0,0.0,0.0,0.0,0.0,0.0,0.0,0.0,0.0,1.0,0.0
295,Dihydropteroate,cpd00683_c,0.0,0.0,0.0,0.0,0.0,0.0,0.0,0.0,0.0,0.0,1.0,0.0
296,2-Acyl-sn-glycero-3-phosphoethanolamine_tetradec-7-enoyl,cpd15338_c,0.0,0.0,0.0,0.0,0.0,0.0,0.0,0.0,0.0,0.0,1.0,0.0
297,Acetaldehyde,cpd00071_c,0.0,0.0,0.0,0.0,0.0,0.0,0.0,0.0,0.0,0.0,1.0,0.333333
298,2-Isopropylmalate,cpd01646_c,0.0,0.0,0.0,0.0,0.0,0.0,0.0,0.0,0.0,0.0,1.0,0.0
299,UppppU,cpd03706_c,0.0,0.0,0.0,0.0,0.0,0.0,0.0,0.0,0.0,0.0,1.0,0.0
300,UDP-MurNAc,cpd00773_c,0.0,0.0,0.0,0.0,0.0,0.0,0.0,0.0,0.0,0.0,1.0,0.0
301,2-tetradec-7-enoyl-sn-glycerol_3-phosphate,cpd15362_c,0.0,0.0,0.0,0.0,0.0,0.0,0.0,0.0,0.0,0.0,1.0,0.0
302,Thiamin,cpd00305_e,0.0,0.0,0.0,0.0,0.0,0.0,0.0,0.0,0.0,0.0,1.0,0.0
303,2-Acyl-sn-glycero-3-phosphoglycerol_tetradec-7-enoyl,cpd15345_c,0.0,0.0,0.0,0.0,0.0,0.0,0.0,0.0,0.0,0.0,1.0,0.0
304,4-phosphopantothenate,cpd02201_c,0.0,0.0,0.0,0.0,0.0,0.0,0.0,0.0,0.0,0.0,1.0,0.0
305,isobutyryl-ACP,cpd11545_c,0.0,0.0,0.0,0.0,0.0,0.0,0.0,0.0,0.0,0.0,0.0,1.0
306,12-methyl-tridecanoyl-ACP,cpd11565_c,0.0,0.0,0.0,0.0,0.0,0.0,0.0,0.0,0.0,0.0,0.0,1.0
307,trdrd,cpd11421_c,0.0,0.0,0.0,0.0,0.0,0.0,0.0,0.0,0.0,0.0,0.0,1.0
308,deoxyribose-5-phosphate,cpd00510_c,0.0,0.0,0.0,0.0,0.0,0.0,0.0,0.0,0.0,0.0,0.0,0.333333
309,Glyceraldehyde3-phosphate,cpd00102_c,0.0,0.0,0.0,0.0,0.0,0.0,0.0,0.0,0.0,0.0,0.0,0.333333
310,Undecaprenylphosphate,cpd00286_c,0.0,0.0,0.0,0.0,0.0,0.0,0.0,0.0,0.0,0.0,0.0,0.166667
311,Undecaprenyl-diphospho-N-acetylmuramoyl-L-alanyl-D-glutamyl-meso-2-6-diaminopimeloyl-D-alanyl-D-alanine,cpd03494_c,0.0,0.0,0.0,0.0,0.0,0.0,0.0,0.0,0.0,0.0,0.0,0.166667
312,UDP-N-acetylmuramoyl-L-alanyl-D-glutamyl-6-carboxy-L-lysyl-D-alanyl-_D-alanine,cpd02968_c,0.0,0.0,0.0,0.0,0.0,0.0,0.0,0.0,0.0,0.0,0.0,0.166667
313,UMP,cpd00091_c,0.0,0.0,0.0,0.0,0.0,0.0,0.0,0.0,0.0,0.0,0.0,0.166667
314,UDPMurAcoyl-L-Ala-D-gamma-Glu-L-Lys-D-Ala-D-Ala,cpd02862_c,0.0,0.0,0.0,0.0,0.0,0.0,0.0,0.0,0.0,0.0,0.0,0.166667
315,MurAcoyl-L-Ala-D-gamma-Glu-L-Lys-D-Ala-D-Ala-diphospho-_undecaprenol,cpd02948_c,0.0,0.0,0.0,0.0,0.0,0.0,0.0,0.0,0.0,0.0,0.0,0.166667
316,D_Methionine,cpd00637_e,0.0,0.0,0.0,0.0,0.0,0.0,0.0,0.0,0.0,0.0,0.0,1.0
317,L_Methionine_S_oxide,cpd01914_e,0.0,0.0,0.0,0.0,0.0,0.0,0.0,0.0,0.0,0.0,0.0,1.0
318,UDP-N-acetylglucosamine,cpd00037_c,0.0,0.0,0.0,0.0,0.0,0.0,0.0,0.0,0.0,0.0,0.0,0.5
319,UDP-N-acetyl-D-galactosamine,cpd00175_c,0.0,0.0,0.0,0.0,0.0,0.0,0.0,0.0,0.0,0.0,0.0,0.5
320,L_Methionine,cpd00060_e,0.0,0.0,0.0,0.0,0.0,0.0,0.0,0.0,0.0,0.0,0.0,1.0
321,13-methyl-tetra-decanoyl-ACP,cpd11540_c,0.0,0.0,0.0,0.0,0.0,0.0,0.0,0.0,0.0,0.0,0.0,1.0
322,H2O2,cpd00025_c,0.0,0.0,0.0,0.0,0.0,0.0,0.0,0.0,0.0,0.0,0.0,1.0
323,L_methionine_R_oxide,cpd11576_e,0.0,0.0,0.0,0.0,0.0,0.0,0.0,0.0,0.0,0.0,0.0,1.0
324,12-methyl-tetra-decanoyl-ACP,cpd11515_c,0.0,0.0,0.0,0.0,0.0,0.0,0.0,0.0,0.0,0.0,0.0,1.0
325,2-methylbutyryl-ACP,cpd11495_c,0.0,0.0,0.0,0.0,0.0,0.0,0.0,0.0,0.0,0.0,0.0,1.0
326,isovaleryl-ACP,cpd11520_c,0.0,0.0,0.0,0.0,0.0,0.0,0.0,0.0,0.0,0.0,0.0,1.0
327,Malonyl-acyl-carrierprotein,cpd11492_c,0.0,0.0,0.0,0.0,0.0,0.0,0.0,0.0,0.0,0.0,0.0,1.0
